company_name,industry/domain,job_role,job_title_raw,job_type,required_skills,preferred_skills,cgpa_requirement,experience_required,job_description,location,salary_range,source,date_posted,source_url
Google,SaaS/Cloud,DevOps Engineer,DevOps Engineer,Full Time,"[""c"", ""go""]","[""sql"", ""vue""]",8.0+,0-1,%PDF-1.4 %���� 416 0 obj <> endobj xref 416 65 0000000016 00000 n 0000002167 00000 n 0000002364 00000 n 0000002487 00000 n 0000005298 00000 n 0000005349 00000 n 0000005463 00000 n 0000016795 00000 n 0000027858 00000 n 0000037795 00000 n 0000046639 00000 n 0000056165 00000 n 0000065823 00000 n 0000065960 00000 n 0000066092 00000 n 0000066231 00000 n 0000066610 00000 n 0000066988 00000 n 0000067400 00000 n 0000067897 00000 n 0000068080 00000 n 0000068192 00000 n 0000068853 00000 n 0000068880 00000,Bengaluru,7-19 LPA,careers_page,2026-04-09,https://careers.google.com/jobs/dist/legal/EEOC_KnowYourRights_10_20.pdf
Google,SaaS/Cloud,Digital Marketing,Digital Marketing Executive,Intern,"[""c"", ""git""]","[""go""]",8.0+,1+,"Digital Marketing Executive Morecare Mobility Jaipur ₹ 2,00,000 - 2,50,000 ₹ 2,00,000 - 2,50,000 /year 1 year(s) As a digital marketing executive at Morecare Mobility, you will play a crucial role in developing and implementing our digital marketing strategies to drive growth and engagement. Your expertise in areas such as Digital Advertising, Content Marketing, SEO, SEM, Facebook Ads, Google Keyword Planner, Social Media Marketing, Facebook Marketing, Email Marketing, Instagram Marketing, and c",Jaipur,7-19 LPA,internshala,2026-04-09,https://internshala.com/jobs/google-jobs/page-1
Microsoft,SaaS/Cloud,Digital Marketing,Digital Marketing Executive,Intern,"[""c"", ""git""]","[""go""]",8.0+,1+,"Digital Marketing Executive Morecare Mobility Jaipur ₹ 2,00,000 - 2,50,000 ₹ 2,00,000 - 2,50,000 /year 1 year(s) As a digital marketing executive at Morecare Mobility, you will play a crucial role in developing and implementing our digital marketing strategies to drive growth and engagement. Your expertise in areas such as Digital Advertising, Content Marketing, SEO, SEM, Facebook Ads, Google Keyword Planner, Social Media Marketing, Facebook Marketing, Email Marketing, Instagram Marketing, and c",Jaipur,7-19 LPA,internshala,2026-04-09,https://internshala.com/jobs/microsoft-jobs/page-1
Amazon,E-commerce/Cloud,Digital Marketing,Digital Marketing Executive,Intern,"[""c"", ""git""]","[""go""]",8.0+,1+,"Digital Marketing Executive Morecare Mobility Jaipur ₹ 2,00,000 - 2,50,000 ₹ 2,00,000 - 2,50,000 /year 1 year(s) As a digital marketing executive at Morecare Mobility, you will play a crucial role in developing and implementing our digital marketing strategies to drive growth and engagement. Your expertise in areas such as Digital Advertising, Content Marketing, SEO, SEM, Facebook Ads, Google Keyword Planner, Social Media Marketing, Facebook Marketing, Email Marketing, Instagram Marketing, and c",Jaipur,7-19 LPA,internshala,2026-04-09,https://internshala.com/jobs/amazon-jobs/page-1
Adobe,SaaS,Digital Marketing,Digital Marketing Executive,Intern,"[""c"", ""git""]","[""go""]",8.0+,1+,"Digital Marketing Executive Morecare Mobility Jaipur ₹ 2,00,000 - 2,50,000 ₹ 2,00,000 - 2,50,000 /year 1 year(s) As a digital marketing executive at Morecare Mobility, you will play a crucial role in developing and implementing our digital marketing strategies to drive growth and engagement. Your expertise in areas such as Digital Advertising, Content Marketing, SEO, SEM, Facebook Ads, Google Keyword Planner, Social Media Marketing, Facebook Marketing, Email Marketing, Instagram Marketing, and c",Jaipur,6-16 LPA,internshala,2026-04-09,https://internshala.com/jobs/adobe-jobs/page-1
Goldman Sachs,Fintech/Investment Banking,Digital Marketing,Digital Marketing Executive,Intern,"[""c"", ""git""]","[""go""]",8.0+,1+,"Digital Marketing Executive Morecare Mobility Jaipur ₹ 2,00,000 - 2,50,000 ₹ 2,00,000 - 2,50,000 /year 1 year(s) As a digital marketing executive at Morecare Mobility, you will play a crucial role in developing and implementing our digital marketing strategies to drive growth and engagement. Your expertise in areas such as Digital Advertising, Content Marketing, SEO, SEM, Facebook Ads, Google Keyword Planner, Social Media Marketing, Facebook Marketing, Email Marketing, Instagram Marketing, and c",Jaipur,7-19 LPA,internshala,2026-04-09,https://internshala.com/jobs/goldman-sachs-jobs/page-1
Morgan Stanley,Fintech/Investment Banking,Digital Marketing,Digital Marketing Executive,Intern,"[""c"", ""git""]","[""go""]",8.0+,1+,"Digital Marketing Executive Morecare Mobility Jaipur ₹ 2,00,000 - 2,50,000 ₹ 2,00,000 - 2,50,000 /year 1 year(s) As a digital marketing executive at Morecare Mobility, you will play a crucial role in developing and implementing our digital marketing strategies to drive growth and engagement. Your expertise in areas such as Digital Advertising, Content Marketing, SEO, SEM, Facebook Ads, Google Keyword Planner, Social Media Marketing, Facebook Marketing, Email Marketing, Instagram Marketing, and c",Jaipur,7-19 LPA,internshala,2026-04-09,https://internshala.com/jobs/morgan-stanley-jobs/page-1
JPMorgan Chase,Fintech/Banking,Digital Marketing,Digital Marketing Executive,Intern,"[""c"", ""git""]","[""go""]",8.0+,1+,"Digital Marketing Executive Morecare Mobility Jaipur ₹ 2,00,000 - 2,50,000 ₹ 2,00,000 - 2,50,000 /year 1 year(s) As a digital marketing executive at Morecare Mobility, you will play a crucial role in developing and implementing our digital marketing strategies to drive growth and engagement. Your expertise in areas such as Digital Advertising, Content Marketing, SEO, SEM, Facebook Ads, Google Keyword Planner, Social Media Marketing, Facebook Marketing, Email Marketing, Instagram Marketing, and c",Jaipur,7-19 LPA,internshala,2026-04-09,https://internshala.com/jobs/jpmorgan-chase-jobs/page-1
American Express,Fintech/Payments,Digital Marketing,Digital Marketing Executive,Intern,"[""c"", ""git""]","[""go""]",7.0+,1+,"Digital Marketing Executive Morecare Mobility Jaipur ₹ 2,00,000 - 2,50,000 ₹ 2,00,000 - 2,50,000 /year 1 year(s) As a digital marketing executive at Morecare Mobility, you will play a crucial role in developing and implementing our digital marketing strategies to drive growth and engagement. Your expertise in areas such as Digital Advertising, Content Marketing, SEO, SEM, Facebook Ads, Google Keyword Planner, Social Media Marketing, Facebook Marketing, Email Marketing, Instagram Marketing, and c",Jaipur,7-19 LPA,internshala,2026-04-09,https://internshala.com/jobs/american-express-jobs/page-1
Oracle,Enterprise Software,SDE,Azure Data Engineer,Intern,"[""azure"", ""c"", ""go""]","[""power bi"", ""sql""]",7.0+,0-1,"Azure Data Engineer Aaptatt Actively hiring Work from home ₹ 4,20,000 - 6,00,000 ₹ 4,20,000 - 6,00,000 /year No experience required Key Responsibilities: 1. Work as a developer to implement enhancements and changes based on client requirements on existing codebases. 2. Design, develop, and maintain data pipelines using Azure Data Factory and Microsoft Fabric. 3. Develop and optimize SQL queries and data transformations. 4. Build and support Power BI reports and dashboards. 5. Handle user stories",Remote,6-16 LPA,internshala,2026-04-09,https://internshala.com/jobs/oracle-jobs/page-1
Salesforce,SaaS/CRM,Sales,Corporate Sales Manager,Intern,"[""c""]","[""go""]",7.0+,1+,"Corporate Sales Manager Linkworld Infocom Actively hiring Mumbai ₹ 3,60,000 - 6,00,000 ₹ 3,60,000 - 6,00,000 /year 1 year(s) Key responsibilities: 1.generating leads 2.converting leads into sales 3.cold calling and command on english language Salesforce Sales Management 1 week ago",Mumbai,6-16 LPA,internshala,2026-04-09,https://internshala.com/jobs/salesforce-jobs/page-1
SAP,Enterprise Software,Sales,SAP SD DSD Consultant,Intern,"[""c""]","[""go""]",7.0+,2+,SAP SD DSD Consultant PwC Acceleration Center India Bangalore Competitive salary Competitive salary 2 year(s) Greetings from Pwc!Role- SAP SDD DSD(Must have Experience in DSD)Experience- 2+yearsIf interested please share cv to bommakanti.sai.vaidehi@pwc.comRequired Skills: SAP DSD6+ years of hands-on experience on the SD module in SupportSupport experience should be in S/4 HANAExtensive Knowledge on LMD/DSD presales and vansales scenarios.Well versed with LMD/DSD settlement processAdherence to S,Bengaluru,6-16 LPA,internshala,2026-04-09,https://internshala.com/jobs/sap-jobs/page-1
IBM,IT/Consulting,Digital Marketing,Digital Marketing Executive,Intern,"[""c"", ""git""]","[""go""]",7.0+,1+,"Digital Marketing Executive Morecare Mobility Jaipur ₹ 2,00,000 - 2,50,000 ₹ 2,00,000 - 2,50,000 /year 1 year(s) As a digital marketing executive at Morecare Mobility, you will play a crucial role in developing and implementing our digital marketing strategies to drive growth and engagement. Your expertise in areas such as Digital Advertising, Content Marketing, SEO, SEM, Facebook Ads, Google Keyword Planner, Social Media Marketing, Facebook Marketing, Email Marketing, Instagram Marketing, and c",Jaipur,6-16 LPA,internshala,2026-04-09,https://internshala.com/jobs/ibm-jobs/page-1
Intel,Semiconductor,Digital Marketing,Digital Marketing Executive,Intern,"[""c"", ""git""]","[""go""]",7.0+,1+,"Digital Marketing Executive Morecare Mobility Jaipur ₹ 2,00,000 - 2,50,000 ₹ 2,00,000 - 2,50,000 /year 1 year(s) As a digital marketing executive at Morecare Mobility, you will play a crucial role in developing and implementing our digital marketing strategies to drive growth and engagement. Your expertise in areas such as Digital Advertising, Content Marketing, SEO, SEM, Facebook Ads, Google Keyword Planner, Social Media Marketing, Facebook Marketing, Email Marketing, Instagram Marketing, and c",Jaipur,6-16 LPA,internshala,2026-04-09,https://internshala.com/jobs/intel-jobs/page-1
NVIDIA,Semiconductor/AI,Digital Marketing,Digital Marketing Executive,Intern,"[""c"", ""git""]","[""go""]",8.0+,1+,"Digital Marketing Executive Morecare Mobility Jaipur ₹ 2,00,000 - 2,50,000 ₹ 2,00,000 - 2,50,000 /year 1 year(s) As a digital marketing executive at Morecare Mobility, you will play a crucial role in developing and implementing our digital marketing strategies to drive growth and engagement. Your expertise in areas such as Digital Advertising, Content Marketing, SEO, SEM, Facebook Ads, Google Keyword Planner, Social Media Marketing, Facebook Marketing, Email Marketing, Instagram Marketing, and c",Jaipur,7-19 LPA,internshala,2026-04-09,https://internshala.com/jobs/nvidia-jobs/page-1
Qualcomm,Semiconductor,Digital Marketing,Digital Marketing Executive,Intern,"[""c"", ""git""]","[""go""]",7.0+,1+,"Digital Marketing Executive Morecare Mobility Jaipur ₹ 2,00,000 - 2,50,000 ₹ 2,00,000 - 2,50,000 /year 1 year(s) As a digital marketing executive at Morecare Mobility, you will play a crucial role in developing and implementing our digital marketing strategies to drive growth and engagement. Your expertise in areas such as Digital Advertising, Content Marketing, SEO, SEM, Facebook Ads, Google Keyword Planner, Social Media Marketing, Facebook Marketing, Email Marketing, Instagram Marketing, and c",Jaipur,6-16 LPA,internshala,2026-04-09,https://internshala.com/jobs/qualcomm-jobs/page-1
Cisco,Networking,Digital Marketing,Digital Marketing Executive,Intern,"[""c"", ""git""]","[""go""]",7.0+,1+,"Digital Marketing Executive Morecare Mobility Jaipur ₹ 2,00,000 - 2,50,000 ₹ 2,00,000 - 2,50,000 /year 1 year(s) As a digital marketing executive at Morecare Mobility, you will play a crucial role in developing and implementing our digital marketing strategies to drive growth and engagement. Your expertise in areas such as Digital Advertising, Content Marketing, SEO, SEM, Facebook Ads, Google Keyword Planner, Social Media Marketing, Facebook Marketing, Email Marketing, Instagram Marketing, and c",Jaipur,6-16 LPA,internshala,2026-04-09,https://internshala.com/jobs/cisco-jobs/page-1
Accenture,Consulting,Digital Marketing,Digital Marketing Executive,Intern,"[""c"", ""git""]","[""go""]",6.5-7.5,1+,"Digital Marketing Executive Morecare Mobility Jaipur ₹ 2,00,000 - 2,50,000 ₹ 2,00,000 - 2,50,000 /year 1 year(s) As a digital marketing executive at Morecare Mobility, you will play a crucial role in developing and implementing our digital marketing strategies to drive growth and engagement. Your expertise in areas such as Digital Advertising, Content Marketing, SEO, SEM, Facebook Ads, Google Keyword Planner, Social Media Marketing, Facebook Marketing, Email Marketing, Instagram Marketing, and c",Jaipur,6-16 LPA,internshala,2026-04-09,https://internshala.com/jobs/accenture-jobs/page-1
Deloitte,Consulting,Digital Marketing,Digital Marketing Executive,Intern,"[""c"", ""git""]","[""go""]",6.5-7.5,1+,"Digital Marketing Executive Morecare Mobility Jaipur ₹ 2,00,000 - 2,50,000 ₹ 2,00,000 - 2,50,000 /year 1 year(s) As a digital marketing executive at Morecare Mobility, you will play a crucial role in developing and implementing our digital marketing strategies to drive growth and engagement. Your expertise in areas such as Digital Advertising, Content Marketing, SEO, SEM, Facebook Ads, Google Keyword Planner, Social Media Marketing, Facebook Marketing, Email Marketing, Instagram Marketing, and c",Jaipur,6-16 LPA,internshala,2026-04-09,https://internshala.com/jobs/deloitte-jobs/page-1
EY,Consulting,Digital Marketing,Digital Marketing Executive,Intern,"[""c"", ""git""]","[""go""]",6.5-7.5,1+,"Digital Marketing Executive Morecare Mobility Jaipur ₹ 2,00,000 - 2,50,000 ₹ 2,00,000 - 2,50,000 /year 1 year(s) As a digital marketing executive at Morecare Mobility, you will play a crucial role in developing and implementing our digital marketing strategies to drive growth and engagement. Your expertise in areas such as Digital Advertising, Content Marketing, SEO, SEM, Facebook Ads, Google Keyword Planner, Social Media Marketing, Facebook Marketing, Email Marketing, Instagram Marketing, and c",Jaipur,6-16 LPA,internshala,2026-04-09,https://internshala.com/jobs/ey-jobs/page-1
KPMG,Consulting,Digital Marketing,Digital Marketing Executive,Intern,"[""c"", ""git""]","[""go""]",6.5-7.5,1+,"Digital Marketing Executive Morecare Mobility Jaipur ₹ 2,00,000 - 2,50,000 ₹ 2,00,000 - 2,50,000 /year 1 year(s) As a digital marketing executive at Morecare Mobility, you will play a crucial role in developing and implementing our digital marketing strategies to drive growth and engagement. Your expertise in areas such as Digital Advertising, Content Marketing, SEO, SEM, Facebook Ads, Google Keyword Planner, Social Media Marketing, Facebook Marketing, Email Marketing, Instagram Marketing, and c",Jaipur,6-16 LPA,internshala,2026-04-09,https://internshala.com/jobs/kpmg-jobs/page-1
PwC,Consulting,Digital Marketing,Digital Marketing Executive,Intern,"[""c"", ""git""]","[""go""]",6.5-7.5,1+,"Digital Marketing Executive Morecare Mobility Jaipur ₹ 2,00,000 - 2,50,000 ₹ 2,00,000 - 2,50,000 /year 1 year(s) As a digital marketing executive at Morecare Mobility, you will play a crucial role in developing and implementing our digital marketing strategies to drive growth and engagement. Your expertise in areas such as Digital Advertising, Content Marketing, SEO, SEM, Facebook Ads, Google Keyword Planner, Social Media Marketing, Facebook Marketing, Email Marketing, Instagram Marketing, and c",Jaipur,6-16 LPA,internshala,2026-04-09,https://internshala.com/jobs/pwc-jobs/page-1
Capgemini,IT Services,Digital Marketing,Digital Marketing Executive,Intern,"[""c"", ""git""]","[""go""]",6.5-7.5,1+,"Digital Marketing Executive Morecare Mobility Jaipur ₹ 2,00,000 - 2,50,000 ₹ 2,00,000 - 2,50,000 /year 1 year(s) As a digital marketing executive at Morecare Mobility, you will play a crucial role in developing and implementing our digital marketing strategies to drive growth and engagement. Your expertise in areas such as Digital Advertising, Content Marketing, SEO, SEM, Facebook Ads, Google Keyword Planner, Social Media Marketing, Facebook Marketing, Email Marketing, Instagram Marketing, and c",Jaipur,6-16 LPA,internshala,2026-04-09,https://internshala.com/jobs/capgemini-jobs/page-1
Cognizant,IT Services,Digital Marketing,Digital Marketing Executive,Intern,"[""c"", ""git""]","[""go""]",6.5-7.5,1+,"Digital Marketing Executive Morecare Mobility Jaipur ₹ 2,00,000 - 2,50,000 ₹ 2,00,000 - 2,50,000 /year 1 year(s) As a digital marketing executive at Morecare Mobility, you will play a crucial role in developing and implementing our digital marketing strategies to drive growth and engagement. Your expertise in areas such as Digital Advertising, Content Marketing, SEO, SEM, Facebook Ads, Google Keyword Planner, Social Media Marketing, Facebook Marketing, Email Marketing, Instagram Marketing, and c",Jaipur,6-16 LPA,internshala,2026-04-09,https://internshala.com/jobs/cognizant-jobs/page-1
Infosys,IT Services,Digital Marketing,Digital Marketing Executive,Intern,"[""c"", ""git""]","[""go""]",6.5-7.5,1+,"Digital Marketing Executive Morecare Mobility Jaipur ₹ 2,00,000 - 2,50,000 ₹ 2,00,000 - 2,50,000 /year 1 year(s) As a digital marketing executive at Morecare Mobility, you will play a crucial role in developing and implementing our digital marketing strategies to drive growth and engagement. Your expertise in areas such as Digital Advertising, Content Marketing, SEO, SEM, Facebook Ads, Google Keyword Planner, Social Media Marketing, Facebook Marketing, Email Marketing, Instagram Marketing, and c",Jaipur,6-16 LPA,internshala,2026-04-09,https://internshala.com/jobs/infosys-jobs/page-1
TCS,IT Services,Digital Marketing,Digital Marketing Executive,Intern,"[""c"", ""git""]","[""go""]",6.5-7.5,1+,"Digital Marketing Executive Morecare Mobility Jaipur ₹ 2,00,000 - 2,50,000 ₹ 2,00,000 - 2,50,000 /year 1 year(s) As a digital marketing executive at Morecare Mobility, you will play a crucial role in developing and implementing our digital marketing strategies to drive growth and engagement. Your expertise in areas such as Digital Advertising, Content Marketing, SEO, SEM, Facebook Ads, Google Keyword Planner, Social Media Marketing, Facebook Marketing, Email Marketing, Instagram Marketing, and c",Jaipur,6-16 LPA,internshala,2026-04-09,https://internshala.com/jobs/tcs-jobs/page-1
Wipro,IT Services,Wipro Careers Reinvent Your,Wipro Careers | Reinvent Your World,Full Time,"[""c"", ""java""]","[""javascript""]",6.5-7.5,Not specified,Wipro Careers | Reinvent Your World نحن نستخدم ملفات تعريف الارتباط لتقديم أفضل تجربة ممكنة على مواقع الويب.وستُخزَّن تفضيلات ملفات تعريف الارتباط في ذاكرة التخزين المحلية لمستعرضك. ويتضمن ذلك ملفات تعريف الارتباط اللازمة لتشغيل موقع الويب. بالإضافة إلى ذلك، لك مطلق الحرية، في أي وقت، في تحديد وتغيير قبول ملفات تعريف الارتباط أو رفضها لتحسين أداء موقع الويب، وكذلك ملفات تعريف الارتباط المستخدمة لعرض المحتوى المُصمم وفقًا لاهتماماتك. وقد تتأثر تجربتك على الموقع والخدمات التي نقدمها في حالة عدم قب,Bengaluru,6-16 LPA,careers_page,2026-04-09,https://careers.wipro.com/?locale=ar_SA
Wipro,IT Services,Digital Marketing,Digital Marketing Executive,Intern,"[""c"", ""git""]","[""go""]",6.5-7.5,1+,"Digital Marketing Executive Morecare Mobility Jaipur ₹ 2,00,000 - 2,50,000 ₹ 2,00,000 - 2,50,000 /year 1 year(s) As a digital marketing executive at Morecare Mobility, you will play a crucial role in developing and implementing our digital marketing strategies to drive growth and engagement. Your expertise in areas such as Digital Advertising, Content Marketing, SEO, SEM, Facebook Ads, Google Keyword Planner, Social Media Marketing, Facebook Marketing, Email Marketing, Instagram Marketing, and c",Jaipur,6-16 LPA,internshala,2026-04-09,https://internshala.com/jobs/wipro-jobs/page-1
HCLTech,IT Services,Digital Marketing,Digital Marketing Executive,Intern,"[""c"", ""git""]","[""go""]",6.5-7.5,1+,"Digital Marketing Executive Morecare Mobility Jaipur ₹ 2,00,000 - 2,50,000 ₹ 2,00,000 - 2,50,000 /year 1 year(s) As a digital marketing executive at Morecare Mobility, you will play a crucial role in developing and implementing our digital marketing strategies to drive growth and engagement. Your expertise in areas such as Digital Advertising, Content Marketing, SEO, SEM, Facebook Ads, Google Keyword Planner, Social Media Marketing, Facebook Marketing, Email Marketing, Instagram Marketing, and c",Jaipur,6-16 LPA,internshala,2026-04-09,https://internshala.com/jobs/hcltech-jobs/page-1
Tech Mahindra,IT Services,Digital Marketing,Digital Marketing Executive,Intern,"[""c"", ""git""]","[""go""]",6.5-7.5,1+,"Digital Marketing Executive Morecare Mobility Jaipur ₹ 2,00,000 - 2,50,000 ₹ 2,00,000 - 2,50,000 /year 1 year(s) As a digital marketing executive at Morecare Mobility, you will play a crucial role in developing and implementing our digital marketing strategies to drive growth and engagement. Your expertise in areas such as Digital Advertising, Content Marketing, SEO, SEM, Facebook Ads, Google Keyword Planner, Social Media Marketing, Facebook Marketing, Email Marketing, Instagram Marketing, and c",Jaipur,6-16 LPA,internshala,2026-04-09,https://internshala.com/jobs/tech-mahindra-jobs/page-1
LTIMindtree,IT Services,Digital Marketing,Digital Marketing Executive,Intern,"[""c"", ""git""]","[""go""]",7.0+,1+,"Digital Marketing Executive Morecare Mobility Jaipur ₹ 2,00,000 - 2,50,000 ₹ 2,00,000 - 2,50,000 /year 1 year(s) As a digital marketing executive at Morecare Mobility, you will play a crucial role in developing and implementing our digital marketing strategies to drive growth and engagement. Your expertise in areas such as Digital Advertising, Content Marketing, SEO, SEM, Facebook Ads, Google Keyword Planner, Social Media Marketing, Facebook Marketing, Email Marketing, Instagram Marketing, and c",Jaipur,6-16 LPA,internshala,2026-04-09,https://internshala.com/jobs/ltimindtree-jobs/page-1
Mphasis,IT Services,Digital Marketing,Digital Marketing Executive,Intern,"[""c"", ""git""]","[""go""]",7.0+,1+,"Digital Marketing Executive Morecare Mobility Jaipur ₹ 2,00,000 - 2,50,000 ₹ 2,00,000 - 2,50,000 /year 1 year(s) As a digital marketing executive at Morecare Mobility, you will play a crucial role in developing and implementing our digital marketing strategies to drive growth and engagement. Your expertise in areas such as Digital Advertising, Content Marketing, SEO, SEM, Facebook Ads, Google Keyword Planner, Social Media Marketing, Facebook Marketing, Email Marketing, Instagram Marketing, and c",Jaipur,6-16 LPA,internshala,2026-04-09,https://internshala.com/jobs/mphasis-jobs/page-1
DXC Technology,Other,Digital Marketing,Digital Marketing Executive,Intern,"[""c"", ""git""]","[""go""]",7.0+,1+,"Digital Marketing Executive Morecare Mobility Jaipur ₹ 2,00,000 - 2,50,000 ₹ 2,00,000 - 2,50,000 /year 1 year(s) As a digital marketing executive at Morecare Mobility, you will play a crucial role in developing and implementing our digital marketing strategies to drive growth and engagement. Your expertise in areas such as Digital Advertising, Content Marketing, SEO, SEM, Facebook Ads, Google Keyword Planner, Social Media Marketing, Facebook Marketing, Email Marketing, Instagram Marketing, and c",Jaipur,6-16 LPA,internshala,2026-04-09,https://internshala.com/jobs/dxc-technology-jobs/page-1
Zoho,Other,Design,Information Technology Service Desk,Intern,"[""c"", ""excel""]","[""go"", ""linux""]",7.0+,1+,"Information Technology Service Desk HCLTech Noida Competitive salary Competitive salary 1 year(s) Job Summary:We are seeking a proactive and customer-focused Service Desk IT Technical Support professional to join our team. The successful candidate will be responsible for providing first-line technical support to end-users, troubleshooting and resolving hardware and software issues, and ensuring that IT systems and services run smoothly. You will be the first point of contact for technical suppor",Noida,6-16 LPA,internshala,2026-04-09,https://internshala.com/jobs/zoho-jobs/page-1
Atlassian,Other,Digital Marketing,Digital Marketing Executive,Intern,"[""c"", ""git""]","[""go""]",8.0+,1+,"Digital Marketing Executive Morecare Mobility Jaipur ₹ 2,00,000 - 2,50,000 ₹ 2,00,000 - 2,50,000 /year 1 year(s) As a digital marketing executive at Morecare Mobility, you will play a crucial role in developing and implementing our digital marketing strategies to drive growth and engagement. Your expertise in areas such as Digital Advertising, Content Marketing, SEO, SEM, Facebook Ads, Google Keyword Planner, Social Media Marketing, Facebook Marketing, Email Marketing, Instagram Marketing, and c",Jaipur,6-16 LPA,internshala,2026-04-09,https://internshala.com/jobs/atlassian-jobs/page-1
ServiceNow,Other,Design,Network Engineer,Intern,"[""c"", ""go""]","[""linux""]",7.0+,1+,"Network Engineer HyQsoft Technologies Private Limited Hyderabad (Hybrid) ₹ 4,50,000 - 6,00,000 ₹ 4,50,000 - 6,00,000 /year 1 year(s) Key responsibilities: Monitor network infrastructure using network monitoring dashboards and alerting systems. Identify, analyse, and respond to network alerts and system alarms in real time. Perform first-level diagnostics and troubleshooting for issues such as: Link failures, Device unreachable alerts, High bandwidth utilization, Interface errors, Network latency",Hyderabad,6-16 LPA,internshala,2026-04-09,https://internshala.com/jobs/servicenow-jobs/page-1
VMware,Other,Digital Marketing,Digital Marketing Executive,Intern,"[""c"", ""git""]","[""go""]",7.0+,1+,"Digital Marketing Executive Morecare Mobility Jaipur ₹ 2,00,000 - 2,50,000 ₹ 2,00,000 - 2,50,000 /year 1 year(s) As a digital marketing executive at Morecare Mobility, you will play a crucial role in developing and implementing our digital marketing strategies to drive growth and engagement. Your expertise in areas such as Digital Advertising, Content Marketing, SEO, SEM, Facebook Ads, Google Keyword Planner, Social Media Marketing, Facebook Marketing, Email Marketing, Instagram Marketing, and c",Jaipur,6-16 LPA,internshala,2026-04-09,https://internshala.com/jobs/vmware-jobs/page-1
Red Hat,Other,Digital Marketing,Digital Marketing Executive,Intern,"[""c"", ""git""]","[""go""]",7.0+,1+,"Digital Marketing Executive Morecare Mobility Jaipur ₹ 2,00,000 - 2,50,000 ₹ 2,00,000 - 2,50,000 /year 1 year(s) As a digital marketing executive at Morecare Mobility, you will play a crucial role in developing and implementing our digital marketing strategies to drive growth and engagement. Your expertise in areas such as Digital Advertising, Content Marketing, SEO, SEM, Facebook Ads, Google Keyword Planner, Social Media Marketing, Facebook Marketing, Email Marketing, Instagram Marketing, and c",Jaipur,6-16 LPA,internshala,2026-04-09,https://internshala.com/jobs/red-hat-jobs/page-1
Dell Technologies,Other,Digital Marketing,Digital Marketing Executive,Intern,"[""c"", ""git""]","[""go""]",7.0+,1+,"Digital Marketing Executive Morecare Mobility Jaipur ₹ 2,00,000 - 2,50,000 ₹ 2,00,000 - 2,50,000 /year 1 year(s) As a digital marketing executive at Morecare Mobility, you will play a crucial role in developing and implementing our digital marketing strategies to drive growth and engagement. Your expertise in areas such as Digital Advertising, Content Marketing, SEO, SEM, Facebook Ads, Google Keyword Planner, Social Media Marketing, Facebook Marketing, Email Marketing, Instagram Marketing, and c",Jaipur,6-16 LPA,internshala,2026-04-09,https://internshala.com/jobs/dell-technologies-jobs/page-1
HP,Other,Digital Marketing,Digital Marketing Executive,Intern,"[""c"", ""git""]","[""go""]",7.0+,1+,"Digital Marketing Executive Morecare Mobility Jaipur ₹ 2,00,000 - 2,50,000 ₹ 2,00,000 - 2,50,000 /year 1 year(s) As a digital marketing executive at Morecare Mobility, you will play a crucial role in developing and implementing our digital marketing strategies to drive growth and engagement. Your expertise in areas such as Digital Advertising, Content Marketing, SEO, SEM, Facebook Ads, Google Keyword Planner, Social Media Marketing, Facebook Marketing, Email Marketing, Instagram Marketing, and c",Jaipur,6-16 LPA,internshala,2026-04-09,https://internshala.com/jobs/hp-jobs/page-1
Siemens,Other,Digital Marketing,Digital Marketing Executive,Intern,"[""c"", ""git""]","[""go""]",7.0+,1+,"Digital Marketing Executive Morecare Mobility Jaipur ₹ 2,00,000 - 2,50,000 ₹ 2,00,000 - 2,50,000 /year 1 year(s) As a digital marketing executive at Morecare Mobility, you will play a crucial role in developing and implementing our digital marketing strategies to drive growth and engagement. Your expertise in areas such as Digital Advertising, Content Marketing, SEO, SEM, Facebook Ads, Google Keyword Planner, Social Media Marketing, Facebook Marketing, Email Marketing, Instagram Marketing, and c",Jaipur,6-16 LPA,internshala,2026-04-09,https://internshala.com/jobs/siemens-jobs/page-1
Bosch,Other,Digital Marketing,Digital Marketing Executive,Intern,"[""c"", ""git""]","[""go""]",7.0+,1+,"Digital Marketing Executive Morecare Mobility Jaipur ₹ 2,00,000 - 2,50,000 ₹ 2,00,000 - 2,50,000 /year 1 year(s) As a digital marketing executive at Morecare Mobility, you will play a crucial role in developing and implementing our digital marketing strategies to drive growth and engagement. Your expertise in areas such as Digital Advertising, Content Marketing, SEO, SEM, Facebook Ads, Google Keyword Planner, Social Media Marketing, Facebook Marketing, Email Marketing, Instagram Marketing, and c",Jaipur,6-16 LPA,internshala,2026-04-09,https://internshala.com/jobs/bosch-jobs/page-1
Schneider Electric,Other,Digital Marketing,Digital Marketing Executive,Intern,"[""c"", ""git""]","[""go""]",7.0+,1+,"Digital Marketing Executive Morecare Mobility Jaipur ₹ 2,00,000 - 2,50,000 ₹ 2,00,000 - 2,50,000 /year 1 year(s) As a digital marketing executive at Morecare Mobility, you will play a crucial role in developing and implementing our digital marketing strategies to drive growth and engagement. Your expertise in areas such as Digital Advertising, Content Marketing, SEO, SEM, Facebook Ads, Google Keyword Planner, Social Media Marketing, Facebook Marketing, Email Marketing, Instagram Marketing, and c",Jaipur,6-16 LPA,internshala,2026-04-09,https://internshala.com/jobs/schneider-electric-jobs/page-1
GE,Other,Digital Marketing,Digital Marketing Executive,Intern,"[""c"", ""git""]","[""go""]",7.0+,1+,"Digital Marketing Executive Morecare Mobility Jaipur ₹ 2,00,000 - 2,50,000 ₹ 2,00,000 - 2,50,000 /year 1 year(s) As a digital marketing executive at Morecare Mobility, you will play a crucial role in developing and implementing our digital marketing strategies to drive growth and engagement. Your expertise in areas such as Digital Advertising, Content Marketing, SEO, SEM, Facebook Ads, Google Keyword Planner, Social Media Marketing, Facebook Marketing, Email Marketing, Instagram Marketing, and c",Jaipur,6-16 LPA,internshala,2026-04-09,https://internshala.com/jobs/ge-jobs/page-1
Honeywell,Other,Digital Marketing,Digital Marketing Executive,Intern,"[""c"", ""git""]","[""go""]",7.0+,1+,"Digital Marketing Executive Morecare Mobility Jaipur ₹ 2,00,000 - 2,50,000 ₹ 2,00,000 - 2,50,000 /year 1 year(s) As a digital marketing executive at Morecare Mobility, you will play a crucial role in developing and implementing our digital marketing strategies to drive growth and engagement. Your expertise in areas such as Digital Advertising, Content Marketing, SEO, SEM, Facebook Ads, Google Keyword Planner, Social Media Marketing, Facebook Marketing, Email Marketing, Instagram Marketing, and c",Jaipur,6-16 LPA,internshala,2026-04-09,https://internshala.com/jobs/honeywell-jobs/page-1
ABB,Other,Digital Marketing,Digital Marketing Executive,Intern,"[""c"", ""git""]","[""go""]",7.0+,1+,"Digital Marketing Executive Morecare Mobility Jaipur ₹ 2,00,000 - 2,50,000 ₹ 2,00,000 - 2,50,000 /year 1 year(s) As a digital marketing executive at Morecare Mobility, you will play a crucial role in developing and implementing our digital marketing strategies to drive growth and engagement. Your expertise in areas such as Digital Advertising, Content Marketing, SEO, SEM, Facebook Ads, Google Keyword Planner, Social Media Marketing, Facebook Marketing, Email Marketing, Instagram Marketing, and c",Jaipur,6-16 LPA,internshala,2026-04-09,https://internshala.com/jobs/abb-jobs/page-1
Philips,Other,Digital Marketing,Digital Marketing Executive,Intern,"[""c"", ""git""]","[""go""]",7.0+,1+,"Digital Marketing Executive Morecare Mobility Jaipur ₹ 2,00,000 - 2,50,000 ₹ 2,00,000 - 2,50,000 /year 1 year(s) As a digital marketing executive at Morecare Mobility, you will play a crucial role in developing and implementing our digital marketing strategies to drive growth and engagement. Your expertise in areas such as Digital Advertising, Content Marketing, SEO, SEM, Facebook Ads, Google Keyword Planner, Social Media Marketing, Facebook Marketing, Email Marketing, Instagram Marketing, and c",Jaipur,6-16 LPA,internshala,2026-04-09,https://internshala.com/jobs/philips-jobs/page-1
Nokia,Other,Digital Marketing,Digital Marketing Executive,Intern,"[""c"", ""git""]","[""go""]",7.0+,1+,"Digital Marketing Executive Morecare Mobility Jaipur ₹ 2,00,000 - 2,50,000 ₹ 2,00,000 - 2,50,000 /year 1 year(s) As a digital marketing executive at Morecare Mobility, you will play a crucial role in developing and implementing our digital marketing strategies to drive growth and engagement. Your expertise in areas such as Digital Advertising, Content Marketing, SEO, SEM, Facebook Ads, Google Keyword Planner, Social Media Marketing, Facebook Marketing, Email Marketing, Instagram Marketing, and c",Jaipur,6-16 LPA,internshala,2026-04-09,https://internshala.com/jobs/nokia-jobs/page-1
Ericsson,Other,Digital Marketing,Digital Marketing Executive,Intern,"[""c"", ""git""]","[""go""]",7.0+,1+,"Digital Marketing Executive Morecare Mobility Jaipur ₹ 2,00,000 - 2,50,000 ₹ 2,00,000 - 2,50,000 /year 1 year(s) As a digital marketing executive at Morecare Mobility, you will play a crucial role in developing and implementing our digital marketing strategies to drive growth and engagement. Your expertise in areas such as Digital Advertising, Content Marketing, SEO, SEM, Facebook Ads, Google Keyword Planner, Social Media Marketing, Facebook Marketing, Email Marketing, Instagram Marketing, and c",Jaipur,6-16 LPA,internshala,2026-04-09,https://internshala.com/jobs/ericsson-jobs/page-1
Samsung,Other,Digital Marketing,Digital Marketing Executive,Intern,"[""c"", ""git""]","[""go""]",7.0+,1+,"Digital Marketing Executive Morecare Mobility Jaipur ₹ 2,00,000 - 2,50,000 ₹ 2,00,000 - 2,50,000 /year 1 year(s) As a digital marketing executive at Morecare Mobility, you will play a crucial role in developing and implementing our digital marketing strategies to drive growth and engagement. Your expertise in areas such as Digital Advertising, Content Marketing, SEO, SEM, Facebook Ads, Google Keyword Planner, Social Media Marketing, Facebook Marketing, Email Marketing, Instagram Marketing, and c",Jaipur,6-16 LPA,internshala,2026-04-09,https://internshala.com/jobs/samsung-jobs/page-1
Sony,Other,Digital Marketing,Digital Marketing Executive,Intern,"[""c"", ""git""]","[""go""]",7.0+,1+,"Digital Marketing Executive Morecare Mobility Jaipur ₹ 2,00,000 - 2,50,000 ₹ 2,00,000 - 2,50,000 /year 1 year(s) As a digital marketing executive at Morecare Mobility, you will play a crucial role in developing and implementing our digital marketing strategies to drive growth and engagement. Your expertise in areas such as Digital Advertising, Content Marketing, SEO, SEM, Facebook Ads, Google Keyword Planner, Social Media Marketing, Facebook Marketing, Email Marketing, Instagram Marketing, and c",Jaipur,6-16 LPA,internshala,2026-04-09,https://internshala.com/jobs/sony-jobs/page-1
LG,Other,Digital Marketing,Digital Marketing Executive,Intern,"[""c"", ""git""]","[""go""]",7.0+,1+,"Digital Marketing Executive Morecare Mobility Jaipur ₹ 2,00,000 - 2,50,000 ₹ 2,00,000 - 2,50,000 /year 1 year(s) As a digital marketing executive at Morecare Mobility, you will play a crucial role in developing and implementing our digital marketing strategies to drive growth and engagement. Your expertise in areas such as Digital Advertising, Content Marketing, SEO, SEM, Facebook Ads, Google Keyword Planner, Social Media Marketing, Facebook Marketing, Email Marketing, Instagram Marketing, and c",Jaipur,6-16 LPA,internshala,2026-04-09,https://internshala.com/jobs/lg-jobs/page-1
Panasonic,Other,Digital Marketing,Digital Marketing Executive,Intern,"[""c"", ""git""]","[""go""]",7.0+,1+,"Digital Marketing Executive Morecare Mobility Jaipur ₹ 2,00,000 - 2,50,000 ₹ 2,00,000 - 2,50,000 /year 1 year(s) As a digital marketing executive at Morecare Mobility, you will play a crucial role in developing and implementing our digital marketing strategies to drive growth and engagement. Your expertise in areas such as Digital Advertising, Content Marketing, SEO, SEM, Facebook Ads, Google Keyword Planner, Social Media Marketing, Facebook Marketing, Email Marketing, Instagram Marketing, and c",Jaipur,6-16 LPA,internshala,2026-04-09,https://internshala.com/jobs/panasonic-jobs/page-1
Toyota,Other,Digital Marketing,Digital Marketing Executive,Intern,"[""c"", ""git""]","[""go""]",7.0+,1+,"Digital Marketing Executive Morecare Mobility Jaipur ₹ 2,00,000 - 2,50,000 ₹ 2,00,000 - 2,50,000 /year 1 year(s) As a digital marketing executive at Morecare Mobility, you will play a crucial role in developing and implementing our digital marketing strategies to drive growth and engagement. Your expertise in areas such as Digital Advertising, Content Marketing, SEO, SEM, Facebook Ads, Google Keyword Planner, Social Media Marketing, Facebook Marketing, Email Marketing, Instagram Marketing, and c",Jaipur,6-16 LPA,internshala,2026-04-09,https://internshala.com/jobs/toyota-jobs/page-1
Mercedes-Benz,Other,Digital Marketing,Digital Marketing Executive,Intern,"[""c"", ""git""]","[""go""]",7.0+,1+,"Digital Marketing Executive Morecare Mobility Jaipur ₹ 2,00,000 - 2,50,000 ₹ 2,00,000 - 2,50,000 /year 1 year(s) As a digital marketing executive at Morecare Mobility, you will play a crucial role in developing and implementing our digital marketing strategies to drive growth and engagement. Your expertise in areas such as Digital Advertising, Content Marketing, SEO, SEM, Facebook Ads, Google Keyword Planner, Social Media Marketing, Facebook Marketing, Email Marketing, Instagram Marketing, and c",Jaipur,6-16 LPA,internshala,2026-04-09,https://internshala.com/jobs/mercedes-benz-jobs/page-1
BMW,Other,Digital Marketing,Digital Marketing Executive,Intern,"[""c"", ""git""]","[""go""]",7.0+,1+,"Digital Marketing Executive Morecare Mobility Jaipur ₹ 2,00,000 - 2,50,000 ₹ 2,00,000 - 2,50,000 /year 1 year(s) As a digital marketing executive at Morecare Mobility, you will play a crucial role in developing and implementing our digital marketing strategies to drive growth and engagement. Your expertise in areas such as Digital Advertising, Content Marketing, SEO, SEM, Facebook Ads, Google Keyword Planner, Social Media Marketing, Facebook Marketing, Email Marketing, Instagram Marketing, and c",Jaipur,6-16 LPA,internshala,2026-04-09,https://internshala.com/jobs/bmw-jobs/page-1
Volvo Group,Other,Digital Marketing,Digital Marketing Executive,Intern,"[""c"", ""git""]","[""go""]",7.0+,1+,"Digital Marketing Executive Morecare Mobility Jaipur ₹ 2,00,000 - 2,50,000 ₹ 2,00,000 - 2,50,000 /year 1 year(s) As a digital marketing executive at Morecare Mobility, you will play a crucial role in developing and implementing our digital marketing strategies to drive growth and engagement. Your expertise in areas such as Digital Advertising, Content Marketing, SEO, SEM, Facebook Ads, Google Keyword Planner, Social Media Marketing, Facebook Marketing, Email Marketing, Instagram Marketing, and c",Jaipur,6-16 LPA,internshala,2026-04-09,https://internshala.com/jobs/volvo-group-jobs/page-1
Unilever,Other,Digital Marketing,Digital Marketing Executive,Intern,"[""c"", ""git""]","[""go""]",7.0+,1+,"Digital Marketing Executive Morecare Mobility Jaipur ₹ 2,00,000 - 2,50,000 ₹ 2,00,000 - 2,50,000 /year 1 year(s) As a digital marketing executive at Morecare Mobility, you will play a crucial role in developing and implementing our digital marketing strategies to drive growth and engagement. Your expertise in areas such as Digital Advertising, Content Marketing, SEO, SEM, Facebook Ads, Google Keyword Planner, Social Media Marketing, Facebook Marketing, Email Marketing, Instagram Marketing, and c",Jaipur,6-16 LPA,internshala,2026-04-09,https://internshala.com/jobs/unilever-jobs/page-1
Nestle,Other,Digital Marketing,Digital Marketing Executive,Intern,"[""c"", ""git""]","[""go""]",7.0+,1+,"Digital Marketing Executive Morecare Mobility Jaipur ₹ 2,00,000 - 2,50,000 ₹ 2,00,000 - 2,50,000 /year 1 year(s) As a digital marketing executive at Morecare Mobility, you will play a crucial role in developing and implementing our digital marketing strategies to drive growth and engagement. Your expertise in areas such as Digital Advertising, Content Marketing, SEO, SEM, Facebook Ads, Google Keyword Planner, Social Media Marketing, Facebook Marketing, Email Marketing, Instagram Marketing, and c",Jaipur,6-16 LPA,internshala,2026-04-09,https://internshala.com/jobs/nestle-jobs/page-1
PepsiCo,Other,Digital Marketing,Digital Marketing Executive,Intern,"[""c"", ""git""]","[""go""]",7.0+,1+,"Digital Marketing Executive Morecare Mobility Jaipur ₹ 2,00,000 - 2,50,000 ₹ 2,00,000 - 2,50,000 /year 1 year(s) As a digital marketing executive at Morecare Mobility, you will play a crucial role in developing and implementing our digital marketing strategies to drive growth and engagement. Your expertise in areas such as Digital Advertising, Content Marketing, SEO, SEM, Facebook Ads, Google Keyword Planner, Social Media Marketing, Facebook Marketing, Email Marketing, Instagram Marketing, and c",Jaipur,6-16 LPA,internshala,2026-04-09,https://internshala.com/jobs/pepsico-jobs/page-1
Coca-Cola,Other,Digital Marketing,Digital Marketing Executive,Intern,"[""c"", ""git""]","[""go""]",7.0+,1+,"Digital Marketing Executive Morecare Mobility Jaipur ₹ 2,00,000 - 2,50,000 ₹ 2,00,000 - 2,50,000 /year 1 year(s) As a digital marketing executive at Morecare Mobility, you will play a crucial role in developing and implementing our digital marketing strategies to drive growth and engagement. Your expertise in areas such as Digital Advertising, Content Marketing, SEO, SEM, Facebook Ads, Google Keyword Planner, Social Media Marketing, Facebook Marketing, Email Marketing, Instagram Marketing, and c",Jaipur,6-16 LPA,internshala,2026-04-09,https://internshala.com/jobs/coca-cola-jobs/page-1
Reckitt,Other,Digital Marketing,Digital Marketing Executive,Intern,"[""c"", ""git""]","[""go""]",7.0+,1+,"Digital Marketing Executive Morecare Mobility Jaipur ₹ 2,00,000 - 2,50,000 ₹ 2,00,000 - 2,50,000 /year 1 year(s) As a digital marketing executive at Morecare Mobility, you will play a crucial role in developing and implementing our digital marketing strategies to drive growth and engagement. Your expertise in areas such as Digital Advertising, Content Marketing, SEO, SEM, Facebook Ads, Google Keyword Planner, Social Media Marketing, Facebook Marketing, Email Marketing, Instagram Marketing, and c",Jaipur,6-16 LPA,internshala,2026-04-09,https://internshala.com/jobs/reckitt-jobs/page-1
Marico,Other,Digital Marketing,Digital Marketing Executive,Intern,"[""c"", ""git""]","[""go""]",7.0+,1+,"Digital Marketing Executive Morecare Mobility Jaipur ₹ 2,00,000 - 2,50,000 ₹ 2,00,000 - 2,50,000 /year 1 year(s) As a digital marketing executive at Morecare Mobility, you will play a crucial role in developing and implementing our digital marketing strategies to drive growth and engagement. Your expertise in areas such as Digital Advertising, Content Marketing, SEO, SEM, Facebook Ads, Google Keyword Planner, Social Media Marketing, Facebook Marketing, Email Marketing, Instagram Marketing, and c",Jaipur,6-16 LPA,internshala,2026-04-09,https://internshala.com/jobs/marico-jobs/page-1
ITC,Other,Digital Marketing,Digital Marketing Executive,Intern,"[""c"", ""git""]","[""go""]",7.0+,1+,"Digital Marketing Executive Morecare Mobility Jaipur ₹ 2,00,000 - 2,50,000 ₹ 2,00,000 - 2,50,000 /year 1 year(s) As a digital marketing executive at Morecare Mobility, you will play a crucial role in developing and implementing our digital marketing strategies to drive growth and engagement. Your expertise in areas such as Digital Advertising, Content Marketing, SEO, SEM, Facebook Ads, Google Keyword Planner, Social Media Marketing, Facebook Marketing, Email Marketing, Instagram Marketing, and c",Jaipur,6-16 LPA,internshala,2026-04-09,https://internshala.com/jobs/itc-jobs/page-1
Hindustan Unilever,Other,Digital Marketing,Digital Marketing Executive,Intern,"[""c"", ""git""]","[""go""]",7.0+,1+,"Digital Marketing Executive Morecare Mobility Jaipur ₹ 2,00,000 - 2,50,000 ₹ 2,00,000 - 2,50,000 /year 1 year(s) As a digital marketing executive at Morecare Mobility, you will play a crucial role in developing and implementing our digital marketing strategies to drive growth and engagement. Your expertise in areas such as Digital Advertising, Content Marketing, SEO, SEM, Facebook Ads, Google Keyword Planner, Social Media Marketing, Facebook Marketing, Email Marketing, Instagram Marketing, and c",Jaipur,6-16 LPA,internshala,2026-04-09,https://internshala.com/jobs/hindustan-unilever-jobs/page-1
Standard Chartered,Other,Digital Marketing,Digital Marketing Executive,Intern,"[""c"", ""git""]","[""go""]",7.0+,1+,"Digital Marketing Executive Morecare Mobility Jaipur ₹ 2,00,000 - 2,50,000 ₹ 2,00,000 - 2,50,000 /year 1 year(s) As a digital marketing executive at Morecare Mobility, you will play a crucial role in developing and implementing our digital marketing strategies to drive growth and engagement. Your expertise in areas such as Digital Advertising, Content Marketing, SEO, SEM, Facebook Ads, Google Keyword Planner, Social Media Marketing, Facebook Marketing, Email Marketing, Instagram Marketing, and c",Jaipur,6-16 LPA,internshala,2026-04-09,https://internshala.com/jobs/standard-chartered-jobs/page-1
HSBC,Other,Digital Marketing,Digital Marketing Executive,Intern,"[""c"", ""git""]","[""go""]",7.0+,1+,"Digital Marketing Executive Morecare Mobility Jaipur ₹ 2,00,000 - 2,50,000 ₹ 2,00,000 - 2,50,000 /year 1 year(s) As a digital marketing executive at Morecare Mobility, you will play a crucial role in developing and implementing our digital marketing strategies to drive growth and engagement. Your expertise in areas such as Digital Advertising, Content Marketing, SEO, SEM, Facebook Ads, Google Keyword Planner, Social Media Marketing, Facebook Marketing, Email Marketing, Instagram Marketing, and c",Jaipur,6-16 LPA,internshala,2026-04-09,https://internshala.com/jobs/hsbc-jobs/page-1
Barclays,Other,Digital Marketing,Digital Marketing Executive,Intern,"[""c"", ""git""]","[""go""]",7.0+,1+,"Digital Marketing Executive Morecare Mobility Jaipur ₹ 2,00,000 - 2,50,000 ₹ 2,00,000 - 2,50,000 /year 1 year(s) As a digital marketing executive at Morecare Mobility, you will play a crucial role in developing and implementing our digital marketing strategies to drive growth and engagement. Your expertise in areas such as Digital Advertising, Content Marketing, SEO, SEM, Facebook Ads, Google Keyword Planner, Social Media Marketing, Facebook Marketing, Email Marketing, Instagram Marketing, and c",Jaipur,6-16 LPA,internshala,2026-04-09,https://internshala.com/jobs/barclays-jobs/page-1
Deutsche Bank,Other,Digital Marketing,Digital Marketing Executive,Intern,"[""c"", ""git""]","[""go""]",7.0+,1+,"Digital Marketing Executive Morecare Mobility Jaipur ₹ 2,00,000 - 2,50,000 ₹ 2,00,000 - 2,50,000 /year 1 year(s) As a digital marketing executive at Morecare Mobility, you will play a crucial role in developing and implementing our digital marketing strategies to drive growth and engagement. Your expertise in areas such as Digital Advertising, Content Marketing, SEO, SEM, Facebook Ads, Google Keyword Planner, Social Media Marketing, Facebook Marketing, Email Marketing, Instagram Marketing, and c",Jaipur,6-16 LPA,internshala,2026-04-09,https://internshala.com/jobs/deutsche-bank-jobs/page-1
UBS,Other,Digital Marketing,Digital Marketing Executive,Intern,"[""c"", ""git""]","[""go""]",7.0+,1+,"Digital Marketing Executive Morecare Mobility Jaipur ₹ 2,00,000 - 2,50,000 ₹ 2,00,000 - 2,50,000 /year 1 year(s) As a digital marketing executive at Morecare Mobility, you will play a crucial role in developing and implementing our digital marketing strategies to drive growth and engagement. Your expertise in areas such as Digital Advertising, Content Marketing, SEO, SEM, Facebook Ads, Google Keyword Planner, Social Media Marketing, Facebook Marketing, Email Marketing, Instagram Marketing, and c",Jaipur,6-16 LPA,internshala,2026-04-09,https://internshala.com/jobs/ubs-jobs/page-1
Credit Suisse,Other,Digital Marketing,Digital Marketing Executive,Intern,"[""c"", ""git""]","[""go""]",7.0+,1+,"Digital Marketing Executive Morecare Mobility Jaipur ₹ 2,00,000 - 2,50,000 ₹ 2,00,000 - 2,50,000 /year 1 year(s) As a digital marketing executive at Morecare Mobility, you will play a crucial role in developing and implementing our digital marketing strategies to drive growth and engagement. Your expertise in areas such as Digital Advertising, Content Marketing, SEO, SEM, Facebook Ads, Google Keyword Planner, Social Media Marketing, Facebook Marketing, Email Marketing, Instagram Marketing, and c",Jaipur,6-16 LPA,internshala,2026-04-09,https://internshala.com/jobs/credit-suisse-jobs/page-1
Citi,Other,Digital Marketing,Digital Marketing Executive,Intern,"[""c"", ""git""]","[""go""]",7.0+,1+,"Digital Marketing Executive Morecare Mobility Jaipur ₹ 2,00,000 - 2,50,000 ₹ 2,00,000 - 2,50,000 /year 1 year(s) As a digital marketing executive at Morecare Mobility, you will play a crucial role in developing and implementing our digital marketing strategies to drive growth and engagement. Your expertise in areas such as Digital Advertising, Content Marketing, SEO, SEM, Facebook Ads, Google Keyword Planner, Social Media Marketing, Facebook Marketing, Email Marketing, Instagram Marketing, and c",Jaipur,6-16 LPA,internshala,2026-04-09,https://internshala.com/jobs/citi-jobs/page-1
Bank of America,Other,Digital Marketing,Digital Marketing Executive,Intern,"[""c"", ""git""]","[""go""]",7.0+,1+,"Digital Marketing Executive Morecare Mobility Jaipur ₹ 2,00,000 - 2,50,000 ₹ 2,00,000 - 2,50,000 /year 1 year(s) As a digital marketing executive at Morecare Mobility, you will play a crucial role in developing and implementing our digital marketing strategies to drive growth and engagement. Your expertise in areas such as Digital Advertising, Content Marketing, SEO, SEM, Facebook Ads, Google Keyword Planner, Social Media Marketing, Facebook Marketing, Email Marketing, Instagram Marketing, and c",Jaipur,6-16 LPA,internshala,2026-04-09,https://internshala.com/jobs/bank-of-america-jobs/page-1
Mastercard,Fintech/Payments,Digital Marketing,Digital Marketing Executive,Intern,"[""c"", ""git""]","[""go""]",7.0+,1+,"Digital Marketing Executive Morecare Mobility Jaipur ₹ 2,00,000 - 2,50,000 ₹ 2,00,000 - 2,50,000 /year 1 year(s) As a digital marketing executive at Morecare Mobility, you will play a crucial role in developing and implementing our digital marketing strategies to drive growth and engagement. Your expertise in areas such as Digital Advertising, Content Marketing, SEO, SEM, Facebook Ads, Google Keyword Planner, Social Media Marketing, Facebook Marketing, Email Marketing, Instagram Marketing, and c",Jaipur,7-19 LPA,internshala,2026-04-09,https://internshala.com/jobs/mastercard-jobs/page-1
Visa,Fintech/Payments,Digital Marketing,Digital Marketing Executive,Intern,"[""c"", ""git""]","[""go""]",7.0+,1+,"Digital Marketing Executive Morecare Mobility Jaipur ₹ 2,00,000 - 2,50,000 ₹ 2,00,000 - 2,50,000 /year 1 year(s) As a digital marketing executive at Morecare Mobility, you will play a crucial role in developing and implementing our digital marketing strategies to drive growth and engagement. Your expertise in areas such as Digital Advertising, Content Marketing, SEO, SEM, Facebook Ads, Google Keyword Planner, Social Media Marketing, Facebook Marketing, Email Marketing, Instagram Marketing, and c",Jaipur,7-19 LPA,internshala,2026-04-09,https://internshala.com/jobs/visa-jobs/page-1
PayPal,Fintech/Payments,Digital Marketing,Digital Marketing Executive,Intern,"[""c"", ""git""]","[""go""]",7.0+,1+,"Digital Marketing Executive Morecare Mobility Jaipur ₹ 2,00,000 - 2,50,000 ₹ 2,00,000 - 2,50,000 /year 1 year(s) As a digital marketing executive at Morecare Mobility, you will play a crucial role in developing and implementing our digital marketing strategies to drive growth and engagement. Your expertise in areas such as Digital Advertising, Content Marketing, SEO, SEM, Facebook Ads, Google Keyword Planner, Social Media Marketing, Facebook Marketing, Email Marketing, Instagram Marketing, and c",Jaipur,7-19 LPA,internshala,2026-04-09,https://internshala.com/jobs/paypal-jobs/page-1
Uber,Mobility Tech,Digital Marketing,Digital Marketing Executive,Intern,"[""c"", ""git""]","[""go""]",8.0+,1+,"Digital Marketing Executive Morecare Mobility Jaipur ₹ 2,00,000 - 2,50,000 ₹ 2,00,000 - 2,50,000 /year 1 year(s) As a digital marketing executive at Morecare Mobility, you will play a crucial role in developing and implementing our digital marketing strategies to drive growth and engagement. Your expertise in areas such as Digital Advertising, Content Marketing, SEO, SEM, Facebook Ads, Google Keyword Planner, Social Media Marketing, Facebook Marketing, Email Marketing, Instagram Marketing, and c",Jaipur,6-16 LPA,internshala,2026-04-09,https://internshala.com/jobs/uber-jobs/page-1
Airbnb,Travel Tech,Digital Marketing,Digital Marketing Executive,Intern,"[""c"", ""git""]","[""go""]",7.0+,1+,"Digital Marketing Executive Morecare Mobility Jaipur ₹ 2,00,000 - 2,50,000 ₹ 2,00,000 - 2,50,000 /year 1 year(s) As a digital marketing executive at Morecare Mobility, you will play a crucial role in developing and implementing our digital marketing strategies to drive growth and engagement. Your expertise in areas such as Digital Advertising, Content Marketing, SEO, SEM, Facebook Ads, Google Keyword Planner, Social Media Marketing, Facebook Marketing, Email Marketing, Instagram Marketing, and c",Jaipur,6-16 LPA,internshala,2026-04-09,https://internshala.com/jobs/airbnb-jobs/page-1
Booking Holdings,Travel Tech,Digital Marketing,Digital Marketing Executive,Intern,"[""c"", ""git""]","[""go""]",7.0+,1+,"Digital Marketing Executive Morecare Mobility Jaipur ₹ 2,00,000 - 2,50,000 ₹ 2,00,000 - 2,50,000 /year 1 year(s) As a digital marketing executive at Morecare Mobility, you will play a crucial role in developing and implementing our digital marketing strategies to drive growth and engagement. Your expertise in areas such as Digital Advertising, Content Marketing, SEO, SEM, Facebook Ads, Google Keyword Planner, Social Media Marketing, Facebook Marketing, Email Marketing, Instagram Marketing, and c",Jaipur,6-16 LPA,internshala,2026-04-09,https://internshala.com/jobs/booking-holdings-jobs/page-1
Expedia,Travel Tech,Digital Marketing,Digital Marketing Executive,Intern,"[""c"", ""git""]","[""go""]",7.0+,1+,"Digital Marketing Executive Morecare Mobility Jaipur ₹ 2,00,000 - 2,50,000 ₹ 2,00,000 - 2,50,000 /year 1 year(s) As a digital marketing executive at Morecare Mobility, you will play a crucial role in developing and implementing our digital marketing strategies to drive growth and engagement. Your expertise in areas such as Digital Advertising, Content Marketing, SEO, SEM, Facebook Ads, Google Keyword Planner, Social Media Marketing, Facebook Marketing, Email Marketing, Instagram Marketing, and c",Jaipur,6-16 LPA,internshala,2026-04-09,https://internshala.com/jobs/expedia-jobs/page-1
Flipkart,E-commerce,Digital Marketing,Digital Marketing Executive,Intern,"[""c"", ""git""]","[""go""]",7.0+,1+,"Digital Marketing Executive Morecare Mobility Jaipur ₹ 2,00,000 - 2,50,000 ₹ 2,00,000 - 2,50,000 /year 1 year(s) As a digital marketing executive at Morecare Mobility, you will play a crucial role in developing and implementing our digital marketing strategies to drive growth and engagement. Your expertise in areas such as Digital Advertising, Content Marketing, SEO, SEM, Facebook Ads, Google Keyword Planner, Social Media Marketing, Facebook Marketing, Email Marketing, Instagram Marketing, and c",Jaipur,6-16 LPA,internshala,2026-04-09,https://internshala.com/jobs/flipkart-jobs/page-1
Walmart Global Tech,Retail Tech,Digital Marketing,Digital Marketing Executive,Intern,"[""c"", ""git""]","[""go""]",7.0+,1+,"Digital Marketing Executive Morecare Mobility Jaipur ₹ 2,00,000 - 2,50,000 ₹ 2,00,000 - 2,50,000 /year 1 year(s) As a digital marketing executive at Morecare Mobility, you will play a crucial role in developing and implementing our digital marketing strategies to drive growth and engagement. Your expertise in areas such as Digital Advertising, Content Marketing, SEO, SEM, Facebook Ads, Google Keyword Planner, Social Media Marketing, Facebook Marketing, Email Marketing, Instagram Marketing, and c",Jaipur,7-19 LPA,internshala,2026-04-09,https://internshala.com/jobs/walmart-global-tech-jobs/page-1
Target,Other,Digital Marketing,Digital Marketing Executive,Intern,"[""c"", ""git""]","[""go""]",7.0+,1+,"Digital Marketing Executive Morecare Mobility Jaipur ₹ 2,00,000 - 2,50,000 ₹ 2,00,000 - 2,50,000 /year 1 year(s) As a digital marketing executive at Morecare Mobility, you will play a crucial role in developing and implementing our digital marketing strategies to drive growth and engagement. Your expertise in areas such as Digital Advertising, Content Marketing, SEO, SEM, Facebook Ads, Google Keyword Planner, Social Media Marketing, Facebook Marketing, Email Marketing, Instagram Marketing, and c",Jaipur,6-16 LPA,internshala,2026-04-09,https://internshala.com/jobs/target-jobs/page-1
Tesco,Other,Digital Marketing,Digital Marketing Executive,Intern,"[""c"", ""git""]","[""go""]",7.0+,1+,"Digital Marketing Executive Morecare Mobility Jaipur ₹ 2,00,000 - 2,50,000 ₹ 2,00,000 - 2,50,000 /year 1 year(s) As a digital marketing executive at Morecare Mobility, you will play a crucial role in developing and implementing our digital marketing strategies to drive growth and engagement. Your expertise in areas such as Digital Advertising, Content Marketing, SEO, SEM, Facebook Ads, Google Keyword Planner, Social Media Marketing, Facebook Marketing, Email Marketing, Instagram Marketing, and c",Jaipur,6-16 LPA,internshala,2026-04-09,https://internshala.com/jobs/tesco-jobs/page-1
Shell,Other,Digital Marketing,Digital Marketing Executive,Intern,"[""c"", ""git""]","[""go""]",7.0+,1+,"Digital Marketing Executive Morecare Mobility Jaipur ₹ 2,00,000 - 2,50,000 ₹ 2,00,000 - 2,50,000 /year 1 year(s) As a digital marketing executive at Morecare Mobility, you will play a crucial role in developing and implementing our digital marketing strategies to drive growth and engagement. Your expertise in areas such as Digital Advertising, Content Marketing, SEO, SEM, Facebook Ads, Google Keyword Planner, Social Media Marketing, Facebook Marketing, Email Marketing, Instagram Marketing, and c",Jaipur,6-16 LPA,internshala,2026-04-09,https://internshala.com/jobs/shell-jobs/page-1
BP,Other,Digital Marketing,Digital Marketing Executive,Intern,"[""c"", ""git""]","[""go""]",7.0+,1+,"Digital Marketing Executive Morecare Mobility Jaipur ₹ 2,00,000 - 2,50,000 ₹ 2,00,000 - 2,50,000 /year 1 year(s) As a digital marketing executive at Morecare Mobility, you will play a crucial role in developing and implementing our digital marketing strategies to drive growth and engagement. Your expertise in areas such as Digital Advertising, Content Marketing, SEO, SEM, Facebook Ads, Google Keyword Planner, Social Media Marketing, Facebook Marketing, Email Marketing, Instagram Marketing, and c",Jaipur,6-16 LPA,internshala,2026-04-09,https://internshala.com/jobs/bp-jobs/page-1
ExxonMobil,Other,Digital Marketing,Digital Marketing Executive,Intern,"[""c"", ""git""]","[""go""]",7.0+,1+,"Digital Marketing Executive Morecare Mobility Jaipur ₹ 2,00,000 - 2,50,000 ₹ 2,00,000 - 2,50,000 /year 1 year(s) As a digital marketing executive at Morecare Mobility, you will play a crucial role in developing and implementing our digital marketing strategies to drive growth and engagement. Your expertise in areas such as Digital Advertising, Content Marketing, SEO, SEM, Facebook Ads, Google Keyword Planner, Social Media Marketing, Facebook Marketing, Email Marketing, Instagram Marketing, and c",Jaipur,6-16 LPA,internshala,2026-04-09,https://internshala.com/jobs/exxonmobil-jobs/page-1
Baker Hughes,Other,Digital Marketing,Digital Marketing Executive,Intern,"[""c"", ""git""]","[""go""]",7.0+,1+,"Digital Marketing Executive Morecare Mobility Jaipur ₹ 2,00,000 - 2,50,000 ₹ 2,00,000 - 2,50,000 /year 1 year(s) As a digital marketing executive at Morecare Mobility, you will play a crucial role in developing and implementing our digital marketing strategies to drive growth and engagement. Your expertise in areas such as Digital Advertising, Content Marketing, SEO, SEM, Facebook Ads, Google Keyword Planner, Social Media Marketing, Facebook Marketing, Email Marketing, Instagram Marketing, and c",Jaipur,6-16 LPA,internshala,2026-04-09,https://internshala.com/jobs/baker-hughes-jobs/page-1
BCG,Other,Digital Marketing,Digital Marketing Executive,Intern,"[""c"", ""git""]","[""go""]",7.0+,1+,"Digital Marketing Executive Morecare Mobility Jaipur ₹ 2,00,000 - 2,50,000 ₹ 2,00,000 - 2,50,000 /year 1 year(s) As a digital marketing executive at Morecare Mobility, you will play a crucial role in developing and implementing our digital marketing strategies to drive growth and engagement. Your expertise in areas such as Digital Advertising, Content Marketing, SEO, SEM, Facebook Ads, Google Keyword Planner, Social Media Marketing, Facebook Marketing, Email Marketing, Instagram Marketing, and c",Jaipur,6-16 LPA,internshala,2026-04-09,https://internshala.com/jobs/bcg-jobs/page-1
Thomson Reuters,Other,Digital Marketing,Digital Marketing Executive,Intern,"[""c"", ""git""]","[""go""]",7.0+,1+,"Digital Marketing Executive Morecare Mobility Jaipur ₹ 2,00,000 - 2,50,000 ₹ 2,00,000 - 2,50,000 /year 1 year(s) As a digital marketing executive at Morecare Mobility, you will play a crucial role in developing and implementing our digital marketing strategies to drive growth and engagement. Your expertise in areas such as Digital Advertising, Content Marketing, SEO, SEM, Facebook Ads, Google Keyword Planner, Social Media Marketing, Facebook Marketing, Email Marketing, Instagram Marketing, and c",Jaipur,6-16 LPA,internshala,2026-04-09,https://internshala.com/jobs/thomson-reuters-jobs/page-1
BlackRock,Other,Digital Marketing,Digital Marketing Executive,Intern,"[""c"", ""git""]","[""go""]",7.0+,1+,"Digital Marketing Executive Morecare Mobility Jaipur ₹ 2,00,000 - 2,50,000 ₹ 2,00,000 - 2,50,000 /year 1 year(s) As a digital marketing executive at Morecare Mobility, you will play a crucial role in developing and implementing our digital marketing strategies to drive growth and engagement. Your expertise in areas such as Digital Advertising, Content Marketing, SEO, SEM, Facebook Ads, Google Keyword Planner, Social Media Marketing, Facebook Marketing, Email Marketing, Instagram Marketing, and c",Jaipur,6-16 LPA,internshala,2026-04-09,https://internshala.com/jobs/blackrock-jobs/page-1
Morningstar,Other,Digital Marketing,Digital Marketing Executive,Intern,"[""c"", ""git""]","[""go""]",7.0+,1+,"Digital Marketing Executive Morecare Mobility Jaipur ₹ 2,00,000 - 2,50,000 ₹ 2,00,000 - 2,50,000 /year 1 year(s) As a digital marketing executive at Morecare Mobility, you will play a crucial role in developing and implementing our digital marketing strategies to drive growth and engagement. Your expertise in areas such as Digital Advertising, Content Marketing, SEO, SEM, Facebook Ads, Google Keyword Planner, Social Media Marketing, Facebook Marketing, Email Marketing, Instagram Marketing, and c",Jaipur,6-16 LPA,internshala,2026-04-09,https://internshala.com/jobs/morningstar-jobs/page-1
Novo Nordisk,Other,Digital Marketing,Digital Marketing Executive,Intern,"[""c"", ""git""]","[""go""]",7.0+,1+,"Digital Marketing Executive Morecare Mobility Jaipur ₹ 2,00,000 - 2,50,000 ₹ 2,00,000 - 2,50,000 /year 1 year(s) As a digital marketing executive at Morecare Mobility, you will play a crucial role in developing and implementing our digital marketing strategies to drive growth and engagement. Your expertise in areas such as Digital Advertising, Content Marketing, SEO, SEM, Facebook Ads, Google Keyword Planner, Social Media Marketing, Facebook Marketing, Email Marketing, Instagram Marketing, and c",Jaipur,6-16 LPA,internshala,2026-04-09,https://internshala.com/jobs/novo-nordisk-jobs/page-1
Pfizer,Other,Digital Marketing,Digital Marketing Executive,Intern,"[""c"", ""git""]","[""go""]",7.0+,1+,"Digital Marketing Executive Morecare Mobility Jaipur ₹ 2,00,000 - 2,50,000 ₹ 2,00,000 - 2,50,000 /year 1 year(s) As a digital marketing executive at Morecare Mobility, you will play a crucial role in developing and implementing our digital marketing strategies to drive growth and engagement. Your expertise in areas such as Digital Advertising, Content Marketing, SEO, SEM, Facebook Ads, Google Keyword Planner, Social Media Marketing, Facebook Marketing, Email Marketing, Instagram Marketing, and c",Jaipur,6-16 LPA,internshala,2026-04-09,https://internshala.com/jobs/pfizer-jobs/page-1
Novartis,Other,Digital Marketing,Digital Marketing Executive,Intern,"[""c"", ""git""]","[""go""]",7.0+,1+,"Digital Marketing Executive Morecare Mobility Jaipur ₹ 2,00,000 - 2,50,000 ₹ 2,00,000 - 2,50,000 /year 1 year(s) As a digital marketing executive at Morecare Mobility, you will play a crucial role in developing and implementing our digital marketing strategies to drive growth and engagement. Your expertise in areas such as Digital Advertising, Content Marketing, SEO, SEM, Facebook Ads, Google Keyword Planner, Social Media Marketing, Facebook Marketing, Email Marketing, Instagram Marketing, and c",Jaipur,6-16 LPA,internshala,2026-04-09,https://internshala.com/jobs/novartis-jobs/page-1
Roche,Other,Digital Marketing,Digital Marketing Executive,Intern,"[""c"", ""git""]","[""go""]",7.0+,1+,"Digital Marketing Executive Morecare Mobility Jaipur ₹ 2,00,000 - 2,50,000 ₹ 2,00,000 - 2,50,000 /year 1 year(s) As a digital marketing executive at Morecare Mobility, you will play a crucial role in developing and implementing our digital marketing strategies to drive growth and engagement. Your expertise in areas such as Digital Advertising, Content Marketing, SEO, SEM, Facebook Ads, Google Keyword Planner, Social Media Marketing, Facebook Marketing, Email Marketing, Instagram Marketing, and c",Jaipur,6-16 LPA,internshala,2026-04-09,https://internshala.com/jobs/roche-jobs/page-1
AstraZeneca,Other,Digital Marketing,Digital Marketing Executive,Intern,"[""c"", ""git""]","[""go""]",7.0+,1+,"Digital Marketing Executive Morecare Mobility Jaipur ₹ 2,00,000 - 2,50,000 ₹ 2,00,000 - 2,50,000 /year 1 year(s) As a digital marketing executive at Morecare Mobility, you will play a crucial role in developing and implementing our digital marketing strategies to drive growth and engagement. Your expertise in areas such as Digital Advertising, Content Marketing, SEO, SEM, Facebook Ads, Google Keyword Planner, Social Media Marketing, Facebook Marketing, Email Marketing, Instagram Marketing, and c",Jaipur,6-16 LPA,internshala,2026-04-09,https://internshala.com/jobs/astrazeneca-jobs/page-1
